Gene,Normal AA,Peptide Position,Mutation AA,Cancer Type,Level of Evidence,PMIDs
BRAF,G,465,A,,4,15035987
BRAF,G,466,V,Lung,3,22649091
BRAF,G,469,A,Lung,3,20551065
BRAF,G,469,L,Lung,3,24035431
BRAF,Y,472,C,Lung,3,22649091
BRAF,E,586,K,Melanoma,4,15035987
BRAF,D,594,V,Melanoma,4,20141835
BRAF,L,597,Q,Melanoma,3,22798288
BRAF,L,597,R,Melanoma,2,23715574
BRAF,L,597,S,Melanoma,2,22798288
BRAF,L,597,V,Melanoma,2,22805292
BRAF,V,600,D,Melanoma,3,20551065
BRAF,V,600,E,Melanoma,1,"12068308, 21639808"
BRAF,V,600,K,Melanoma,1,"20630094, 22663011"
BRAF,V,600,M,Melanoma,2,23031422
BRAF,K,601,E,Melanoma,3,22798288

